{"cameraMode":{"drawMode":0,"name":"Shaded","section":"Shading Mode"},"sceneLighting":false,"audioPlay":false,"sceneViewState":{"showFog":true,"showMaterialUpdate":true,"showSkybox":true,"showFlares":true,"showImageEffects":true,"showParticleSystems":true,"showVisualEffectGraphs":true,"m_FxEnabled":true},"in2DMode":false,"pivot":{"x":1223.3551025390625,"y":511.2037658691406,"z":-589.9344482421875},"rotation":{"x":0.18223224580287934,"y":-0.023593032732605935,"z":0.004403396509587765,"w":0.9829564094543457},"size":0.5698563456535339,"orthographic":false}